date,SET,StTimes,KLSE
1/2/1998,4.264711374,-3.689070616,1.941945713
1/9/1998,-6.375712232,-24.20610469,-15.14036812
1/16/1998,9.107124593,6.141556704,9.384820477
1/23/1998,9.900370471,1.433234789,3.386636392
1/30/1998,15.79574979,0.567434342,1.939639562
2/6/1998,7.907454582,15.5472723,24.57856612
2/13/1998,-6.954875032,-3.667870234,-6.041350415
2/20/1998,4.279376772,1.4239893,6.023496338
2/27/1998,1.25495577,3.530095907,2.348386076
3/6/1998,-3.927218868,-5.27586343,-7.665412248
3/13/1998,1.207084919,2.568862487,2.54568562
3/20/1998,-2.858210917,4.41726484,3.207166638
3/27/1998,-6.169447855,-0.69477889,-0.496278934
4/3/1998,-5.893402231,-7.668272583,-8.776880223
4/10/1998,0.713091685,1.977760989,0.994320012
4/17/1998,-1.61337556,-4.647765849,-6.817189779
4/24/1998,-3.288170461,-2.357903179,1.001677824
5/1/1998,-3.02560956,0.922964767,-1.449576561
5/8/1998,-6.441397273,-4.6962522,-7.618813991
5/15/1998,-4.496358359,-4.758727167,-2.301958826
5/22/1998,-3.753629224,0.002435233,1.814608214
5/29/1998,-8.878606388,-5.370020428,-6.993624326
6/5/1998,-2.308452023,-5.784587852,-6.364712307
6/12/1998,-13.00173328,-6.401713365,-6.689485747
6/19/1998,1.756329629,18.4830734,-1.012796163
6/26/1998,-7.044601297,-19.69886722,-4.805584733
7/3/1998,3.252439934,3.050690095,6.116431109
7/10/1998,0.189781079,-2.764149942,-10.01723334
7/17/1998,7.384749715,2.620607655,3.819992334
7/24/1998,-6.955423969,-2.044152998,-6.23327561
7/31/1998,-3.217040003,-1.464163592,-3.837021451
8/7/1998,-7.462723389,-2.488943774,-10.07764774
8/14/1998,-1.596255084,-7.036753941,-10.43385899
8/21/1998,-1.948086641,-1.598198804,-1.202394708
8/28/1998,-8.774220423,-2.548412947,-6.749295215
9/4/1998,-5.417130609,-9.498942155,18.21784898
9/11/1998,2.566746466,5.809030032,1.390789799
9/18/1998,4.211875562,6.746879863,6.505056
9/25/1998,11.51702546,1.217442323,-1.545055525
10/2/1998,1.050979723,-2.624183566,-6.455401432
10/9/1998,15.0783137,8.17446962,2.491696745
10/16/1998,8.741585358,13.65984093,6.258548415
10/23/1998,0.733472912,-0.538244799,5.751726082
10/30/1998,2.977887536,7.857513384,-3.488627215
11/6/1998,12.81894915,6.36291074,11.18305471
11/13/1998,-12.12709222,-6.172989761,2.567733654
11/20/1998,10.87929705,11.04844515,-0.759737747
11/27/1998,0.311401288,3.41745317,7.614865037
12/4/1998,-9.986905607,-2.735018164,5.693307882
12/11/1998,6.498639642,3.911783239,1.247730909
12/18/1998,-5.236022618,-0.376966473,3.049236045
12/25/1998,4.080327652,-0.944013356,0.34641334
12/31/1998,-0.098318757,-0.001436018,5.941401952
1/8/1999,11.56416503,10.38745587,0.945814171
1/15/1999,-4.508923746,-2.9801975,1.221176371
1/22/1999,-1.408436839,-1.414129711,3.215034895
1/29/1999,-3.646209071,-3.482423798,-4.481852912
2/5/1999,-7.147528898,-4.87558544,-5.675170584
2/12/1999,2.763566058,-0.392629683,2.12297388
2/19/1999,-3.175705464,1.426103989,-0.968249238
2/26/1999,1.29003575,2.699161068,-4.164860813
3/5/1999,-1.397054399,2.638564852,-4.799561426
3/12/1999,2.809568965,2.458391846,2.289672621
3/19/1999,6.140853747,-0.861861604,-2.854322477
3/26/1999,-0.212360548,1.650270242,-2.712010561
4/2/1999,-2.710073177,3.134982913,7.677071355
4/9/1999,4.074358204,7.483438726,5.059869878
4/16/1999,7.903503417,6.095308043,5.364837853
4/23/1999,-0.365849514,5.247682805,7.627680116
4/30/1999,13.56764711,1.114774557,4.243079061
5/7/1999,6.121991518,0.700544913,2.446999106
5/14/1999,-2.792810634,-0.854943308,10.31286723
5/21/1999,0.928503993,3.650531242,0.386565713
5/28/1999,-5.517354307,-2.573139491,-2.733871426
6/4/1999,4.918900962,1.288623147,-1.239915672
6/11/1999,6.222457775,6.950543563,4.358864233
6/18/1999,2.290838772,0.167238668,1.778947637
6/25/1999,4.713574603,5.084792011,2.46110635
7/2/1999,-1.9533104,1.990936205,4.770102452
7/9/1999,-4.555351252,-1.853788714,0.712904174
7/16/1999,-4.222691492,-2.197106348,-1.008983123
7/23/1999,-2.65094757,-6.989122757,-4.212653453
7/30/1999,-4.058291689,7.528844954,-5.02949948
8/6/1999,-4.424282543,-3.632673765,-8.920286092
8/13/1999,-3.081027144,-4.930063166,9.463889083
8/20/1999,3.871869395,5.805776065,-1.236785583
8/27/1999,3.793116599,3.169016142,0.184534496
9/3/1999,-5.947783896,-2.893457436,-2.578762998
9/10/1999,-0.048722203,1.887781586,-0.828572127
9/17/1999,1.668488888,-0.052989326,-3.509325248
9/24/1999,-13.71373542,-5.442507105,-2.764576945
10/1/1999,6.393135012,1.584694622,-2.059317911
10/8/1999,-3.551763523,3.035941018,8.963022389
10/15/1999,-1.957874518,-2.550105378,-3.093719856
10/22/1999,-2.161225538,-2.151295505,2.440916156
10/29/1999,4.760770087,1.464894212,0.522314211
11/5/1999,5.63280013,3.0973693,-2.939660666
11/12/1999,3.18666807,3.456876923,0.023564147
11/19/1999,-4.854136405,1.774339927,1.618116017
11/26/1999,0.184497418,0.48736077,1.706369147
12/3/1999,0.510445873,-0.358901101,-2.894376974
12/10/1999,1.28269899,7.254788991,2.584207609
12/17/1999,4.552113469,-0.963532353,4.555740273
12/24/1999,4.879883554,3.075543711,0.619974318
12/30/1999,4.375121271,1.340214736,3.664625979
1/7/2000,-6.120190702,-3.010694848,0.748120931
1/14/2000,4.541138976,-0.563085907,12.59024492
1/21/2000,0.954596094,-4.884282947,2.733142181
1/28/2000,-0.307412645,0.281808228,-1.946577264
2/4/2000,-1.500360497,-1.144424021,2.333683971
2/11/2000,-3.069990464,-1.067696281,4.307245201
2/18/2000,-11.0631283,-2.609229948,1.337274285
2/25/2000,-0.414719432,-1.712040631,-1.056615101
3/3/2000,-5.960309831,-1.097856441,-5.569039975
3/10/2000,4.907226161,-0.986889933,-0.023201856
3/17/2000,-0.663228302,-0.084472565,-1.413822697
3/24/2000,1.09965034,2.439829844,3.72631758
3/31/2000,-0.954661188,-0.636163303,0.422698801
4/7/2000,0.778833702,0.836781983,-2.54972939
4/14/2000,2.689977574,1.808692547,-1.981926164
4/21/2000,-4.791468794,-5.12942558,-3.522402847
4/28/2000,-1.186579756,3.95114985,-0.07010399
5/5/2000,-2.70795523,-2.136698708,2.972035832
5/12/2000,-9.460773952,-4.425802082,-1.391669315
5/19/2000,-0.658861425,-1.703420328,4.075099075
5/26/2000,-9.243719953,-9.016738527,-7.201275208
6/2/2000,8.036697623,4.813004918,0.75233205
6/9/2000,0.60826187,6.691575765,-3.418209593
6/16/2000,0.915671859,-1.4999751,-2.958701581
6/23/2000,-3.299207459,1.092804418,-2.904768544
6/30/2000,-2.312697915,0.179751932,2.566954667
7/7/2000,-0.869624328,2.646743372,-1.560037443
7/14/2000,-2.283754982,-0.61066404,4.267336389
7/21/2000,-3.193884251,2.225647485,-2.98246509
7/28/2000,-4.709037297,-4.210218227,-3.925247955
8/4/2000,6.575948328,0.670131426,1.9702263
8/11/2000,1.649666403,2.324280733,-1.540660574
8/18/2000,0.824137281,3.944036464,2.103497773
8/25/2000,-3.955408116,-0.883775954,-2.511791563
9/1/2000,1.259792881,-0.25837837,-4.117342294
9/8/2000,-4.495656663,-1.194217766,-3.611948017
9/15/2000,-1.277182528,-3.885189052,1.715376887
9/22/2000,-6.755705118,-6.057014818,-1.747822912
9/29/2000,1.142496514,3.259304995,-3.587248399
10/6/2000,-3.527165271,-1.720244441,-0.556548596
10/13/2000,-5.143487172,-5.366711408,5.549557216
10/20/2000,8.421505371,3.344330149,3.787167038
10/27/2000,-0.820420618,1.92401249,1.540089164
11/3/2000,4.803655715,4.99589284,-3.968600822
11/10/2000,1.855251381,-3.721060768,-1.039183301
11/17/2000,0.503453797,-1.658015412,-2.332831853
11/24/2000,-3.203004231,1.565333264,-2.962831996
12/1/2000,-4.134475277,-1.490625058,1.675830565
12/8/2000,-0.062094788,0.263590913,1.069103783
12/15/2000,-0.190176702,-0.613049915,-4.610525522
12/22/2000,-2.250863175,-2.353758586,-0.579886078
12/29/2000,0.783176972,1.251814795,-2.434660201
1/5/2001,6.322817901,2.460108945,-1.40169132
1/12/2001,8.195081879,-2.824582331,1.292750829
1/19/2001,1.786358817,-0.675778891,2.271832089
1/26/2001,4.706642259,-0.052455165,2.917429306
2/2/2001,0.591389082,3.642910588,2.932551332
2/9/2001,-2.847707683,-0.163545582,-1.578241704
2/16/2001,-2.722105894,-0.091763358,-1.410264642
2/23/2001,2.574176873,-1.260728924,-0.266214726
3/2/2001,-5.773549502,-2.056064749,-1.368829775
3/9/2001,0.309926029,-0.468788632,-1.117058379
3/16/2001,-4.667513857,-6.88040005,-3.401265496
3/23/2001,-0.942998844,-3.25714617,-0.408565521
3/30/2001,0.580568112,-2.426435608,-3.309966109
4/6/2001,-3.457031129,-0.239806117,-11.44833642
4/13/2001,3.230701346,-4.757606237,0.678284631
4/20/2001,0.445312968,3.9164441,-0.985280736
4/27/2001,1.57008261,1.81059442,1.756334211
5/4/2001,3.071354074,1.669405392,-1.527298663
5/11/2001,1.441530607,-0.672288157,-1.040070002
5/18/2001,-3.365427079,-2.419019971,-2.367477764
5/25/2001,3.423301173,1.498958041,1.080821665
6/1/2001,0.304892962,-2.275433525,1.32867732
6/8/2001,0.073676627,3.436494044,0.775961416
6/15/2001,3.671867563,-0.079682213,2.353494085
6/22/2001,-1.649483433,0.629862613,-0.259914697
6/29/2001,1.21020784,0.558754772,0.863767988
7/6/2001,0.71977204,-3.882090893,5.546592896
7/13/2001,-3.307612335,-0.230280115,-0.926407446
7/20/2001,-0.651156184,-1.144770348,4.371428624
7/27/2001,-3.645897482,0.141529025,-0.378346692
8/3/2001,4.817474984,0.544721934,1.979261597
8/10/2001,-0.025323668,-0.481952075,-1.711954057
8/17/2001,2.309528112,-0.319744477,1.181158369
8/24/2001,2.722086841,-0.710258138,4.050963636
8/31/2001,1.018369241,-0.33849952,0.626265705
9/7/2001,1.991539364,-2.639019007,1.37159708
9/14/2001,-17.243833,-11.88061023,-7.776176355
9/21/2001,-4.799214876,-12.05353379,-5.849452431
9/28/2001,0.884640676,6.112445115,1.214811588
10/5/2001,1.376563177,4.874938403,-1.035669286
10/12/2001,1.445637971,2.198047582,0.380228595
10/19/2001,-0.087767037,-1.958700913,0.603423394
10/26/2001,-1.457607353,1.605737317,-0.425279476
11/2/2001,-2.299946374,-5.063526656,-2.607131603
11/9/2001,-2.253335987,1.567882314,0.468189134
11/16/2001,2.733546456,4.26644811,5.810050059
11/23/2001,7.42246194,2.501892422,0.662046282
11/30/2001,1.952046501,1.3852316,-0.236390075
12/7/2001,0.471426854,9.678843298,3.61705866
12/14/2001,-3.361239423,-4.415180979,0.392263863
12/21/2001,0.910805531,1.187695749,0.139936976
12/28/2001,2.384633593,3.054201585,3.920336324
1/4/2002,3.835325939,3.189110229,0.264239095
1/11/2002,2.1370745,1.501769416,1.370580921
1/18/2002,-1.57173545,-2.514824344,-0.643566224
1/25/2002,6.542979995,4.07297983,-0.711153696
2/1/2002,-0.692679343,2.880973683,3.574438869
2/8/2002,4.909423483,-2.558527662,-1.105107278
2/15/2002,5.349398769,1.817614503,1.543753179
2/22/2002,-5.993454846,-4.517846848,-1.587368158
3/1/2002,8.01828287,1.838442249,0.974674775
3/8/2002,2.593170069,4.401777481,4.103769934
3/15/2002,-3.453288294,-1.169126585,0.534928273
3/22/2002,3.109680592,1.236363939,0.131625326
3/29/2002,-4.025384278,0.167618579,0.459990339
4/5/2002,-1.064612039,-1.297744541,0.701146844
4/12/2002,2.572111593,-1.598122196,1.923799112
4/19/2002,1.796064674,-1.202000362,2.812399566
4/26/2002,-2.639906892,-0.144544623,0.377566523
5/3/2002,-0.636919367,0.731556617,-0.840841279
5/10/2002,2.126670463,-0.291059061,-0.773121587
5/17/2002,-1.015370676,-0.134887441,-0.087541794
5/24/2002,3.598892909,-0.653952653,-2.8308331
5/31/2002,3.967772511,-2.974159673,-3.19736447
6/7/2002,2.270814536,-1.16657812,1.797011556
6/14/2002,1.217014914,-2.74109094,-0.891129245
6/21/2002,-6.599778059,-3.901548098,-0.691756676
6/28/2002,-1.62132643,0.434302106,-2.438862974
7/5/2002,3.037439279,5.545306798,2.609565382
7/12/2002,-0.109758542,-1.685740338,-0.642655819
7/19/2002,-1.607723356,-3.397013115,-1.823650957
7/26/2002,-7.31192912,-4.288906211,-1.214536564
8/2/2002,1.082881411,1.012466338,0.253263334
8/9/2002,-0.919291113,-1.540391522,0.505993275
8/16/2002,1.61062798,2.378651462,1.838685018
8/23/2002,-1.626974972,0.608939515,-0.901416859
8/30/2002,-1.60680222,-2.873989356,-2.585220464
9/6/2002,-2.129615539,-3.133572434,-2.457699568
9/13/2002,1.013094355,-0.73611086,-0.839137435
9/20/2002,-1.588925296,-0.769010775,-2.29999925
9/27/2002,-3.709280125,-3.373582841,-3.830771427
10/4/2002,0.647403827,-0.461069007,-0.506408609
10/11/2002,-3.131353812,0.446510741,-0.98450716
10/18/2002,3.582055503,5.955136636,2.068520246
10/25/2002,1.736858343,0.965841555,0.69942663
11/1/2002,2.611528593,-0.596833657,0.591524249
11/8/2002,-0.752094245,-2.593178866,-0.439127011
11/15/2002,0.348687154,-0.778668799,-1.349134341
11/22/2002,1.766805833,0.617238067,-1.361326384
11/29/2002,0.63506241,-2.279203785,-1.56112731
12/6/2002,0.052055509,-1.885390642,-1.739397327
12/13/2002,-2.465152767,0.141967518,2.211881597
12/22/2002,-1.753064535,-2.220481407,0.91795044
12/27/2002,1.831641179,0.308320793,1.918687878
1/3/2003,0.210169474,-0.123065005,-2.63121832
1/10/2003,0.875144939,-0.361866848,-1.098354004
1/17/2003,1.866643892,2.349548479,6.779198473
1/24/2003,2.458897725,-0.645170631,-0.256843064
1/31/2003,-1.68566653,-5.015298158,-0.505153782
2/7/2003,2.387423796,-0.48117686,-0.631649282
2/14/2003,-2.739384306,-0.932442304,-0.652407108
2/21/2003,-2.521280428,3.210616849,-0.375160569
2/28/2003,0.496636937,-3.181566824,-1.181917869
3/7/2003,-0.78911218,-3.816463168,-1.73732985
3/14/2003,-0.066971763,1.996812449,-1.124824984
3/21/2003,1.490621344,5.843270392,0.574276596
3/28/2003,1.61225616,-0.583837277,0.440365946
4/4/2003,0.647373663,-0.357121527,-0.592339254
4/11/2003,3.026883096,-0.972184729,-0.241097745
4/18/2003,0.296929346,-1.43294769,0.935753291
4/25/2003,-4.24216695,-4.250435746,-1.247502999
5/2/2003,1.804370182,5.544934655,-0.074900999
5/9/2003,2.390971763,0.795766268,0.458088919
5/16/2003,-0.344054971,-0.35876742,0.966526791
5/23/2003,3.216636565,1.008757911,2.271800859
5/30/2003,2.076787929,2.314192524,3.112915264
6/6/2003,3.501446459,6.475856735,1.49445144
6/13/2003,2.306940095,2.744685834,1.220567683
6/20/2003,5.608819213,2.658854761,-1.093002618
6/27/2003,1.06574506,-2.765042398,1.31162308
7/4/2003,8.02125088,0.574231412,4.753252557
7/11/2003,-2.312088383,3.867090446,-0.167010618
7/18/2003,1.769993928,2.311191235,-1.024710095
7/25/2003,-1.673011718,-0.891396643,-0.839498992
8/1/2003,1.368313032,-0.630601864,1.743954464
8/8/2003,2.344438559,-1.458161053,-0.113475975
8/15/2003,3.09932461,3.821665118,0.868539705
8/22/2003,2.993059214,2.836477574,2.016564468
8/29/2003,0.540783774,-2.527731944,-0.006726533
9/5/2003,3.669902123,1.155715688,1.757636361
9/12/2003,1.875421249,-2.096819282,-2.075644498
9/19/2003,-0.204300957,0.352222863,0.4349853
9/26/2003,2.379737414,2.342371033,-0.262380818
10/3/2003,-3.955888385,2.593357864,-0.272527523
10/10/2003,4.176005066,4.434711565,6.594761976
10/17/2003,1.101868932,1.48600605,-1.222887143
10/24/2003,3.448185671,-2.237949805,2.94947838
10/31/2003,4.837973937,-0.535198447,1.565201082
11/7/2003,4.816070509,2.598634545,-1.273494642
11/14/2003,-2.050689908,-1.846701329,-1.819926279
11/21/2003,-6.919607968,-4.683867466,-0.984342317
11/28/2003,5.177978412,3.367021804,-0.663791406
12/5/2003,2.031755607,1.102419056,0.983241867
12/12/2003,2.273404551,-0.304560256,0.628279624
12/19/2003,5.016952582,-0.98414656,-2.841984456
12/26/2003,3.565375841,1.128740508,1.325377358
1/2/2004,4.945800352,3.471517789,1.080016363
1/9/2004,1.451564774,3.358274685,4.577262369
1/16/2004,-0.64025624,-0.848923622,-0.992283008
1/23/2004,-3.131616483,2.828096156,0.900166256
1/30/2004,-7.64680817,-2.204523829,-0.696035908
2/6/2004,1.737570753,0.326782673,-0.430750317
2/13/2004,6.007275341,0.519568304,1.278249082
2/20/2004,-3.577634855,1.475591559,3.88872258
2/27/2004,-1.708070925,-0.16664863,2.368486341
3/5/2004,-2.217623644,0.15396136,0.782833854
3/12/2004,-0.789589033,-3.030323482,-0.180719539
3/19/2004,-2.006824351,0.219911906,2.224798303
3/26/2004,-2.379579349,-0.655171277,-1.036923665
4/2/2004,4.104023451,2.877562633,-0.872956409
4/9/2004,-0.24990804,1.135279235,-0.480110274
4/16/2004,2.965470687,-2.552382886,-2.439229193
4/23/2004,-4.350508156,0.733552836,1.576032299
4/30/2004,-5.073153824,-1.38073774,-4.352648598
5/7/2004,-1.766651652,0.091704544,-0.339392527
5/14/2004,-4.345579914,-4.933920515,-5.082906332
5/21/2004,0.928887696,0.696728435,-0.307789584
5/28/2004,3.697390855,1.122560959,2.113868344
6/4/2004,-1.916173279,0.252593124,-0.697593534
6/11/2004,-2.152390288,1.739539941,2.642827462
6/18/2004,1.550393562,-1.744005074,-0.290357076
6/25/2004,3.361780526,0.773947752,0.27943839
7/2/2004,0.552816973,1.854165886,0.77950253
7/9/2004,2.894826842,1.226591556,2.775680646
7/16/2004,-3.120539634,0.505692788,-1.344976101
7/23/2004,0.364597416,-1.139804856,-0.529495243
7/30/2004,-1.831715506,2.215501217,-0.504731424
8/6/2004,-4.129983235,1.627527103,-1.678313721
8/13/2004,-3.679330846,-2.627909989,-0.547772382
8/20/2004,1.630461748,1.170454547,-0.880498765
8/27/2004,3.5402944,1.100558758,1.597619197
9/3/2004,1.434542692,1.07205533,2.454147779
9/10/2004,1.814680255,1.595730857,0.991622542
9/17/2004,4.297515405,1.806025025,1.095949447
9/24/2004,-2.135602915,-1.513725088,-0.506129432
10/1/2004,1.00773749,0.388408924,-0.162644471
10/8/2004,2.231320795,1.162243602,0.833819211
10/15/2004,-4.178378204,-2.105531999,-1.143456925
10/22/2004,1.616824128,0.230557333,0.303782261
10/29/2004,-4.800449307,0.690014289,0.846642414
11/5/2004,1.097181004,1.755598755,1.193582292
11/12/2004,0.729512268,1.119336441,1.232788439
11/19/2004,1.809275166,-0.012264912,1.656850617
11/26/2004,-0.410716099,-0.480987688,1.301373437
12/3/2004,2.29937221,1.621058429,0.918980152
12/10/2004,-2.29474804,-2.219365182,-2.532982943
12/17/2004,3.137774108,2.04458919,0.975954064
12/24/2004,0.132854678,-0.117660228,0.464037956
12/31/2004,-0.336210112,0.513381529,0.02534952
1/7/2005,4.355198719,0.936486183,0.970556664
1/14/2005,0.545910609,-0.454141026,1.458298235
1/21/2005,-0.687877665,0.445030435,-0.002151162
1/28/2005,0.687877665,0.197370061,-1.352520685
2/4/2005,2.455147389,1.145360348,-1.064265423
2/11/2005,0.982502887,1.689858611,0.811009532
2/18/2005,1.544062923,0.891990557,-0.785668949
2/25/2005,0.343815058,-1.569756718,-0.468183225
3/4/2005,-1.582643387,0.907776834,-2.032672118
3/11/2005,-2.423350491,0.687335614,1.804412113
3/18/2005,0.05905595,0.23389131,-0.829880281
3/25/2005,-3.443488244,-1.065212086,-1.192767601
4/1/2005,1.230540055,-0.358540149,-0.85033366
4/8/2005,-1.749839877,1.765775739,-1.367884588
4/15/2005,2.10131896,-1.463957616,1.177045926
4/22/2005,-3.057968749,-0.621395283,0.402961682
4/29/2005,-2.749905713,-0.547141782,0.134339763
5/6/2005,4.522220709,1.678343455,2.501001055
5/13/2005,-1.498051355,0.482357976,-1.100101467
5/20/2005,-1.253572604,0.096653051,-0.923067872
5/27/2005,-1.074868121,-0.881148461,-1.604800802
6/3/2005,1.97293331,1.746847659,-0.37233687
6/10/2005,0.483534273,1.258089151,2.749760355
6/17/2005,0.95719721,-0.509304466,0.787881507
6/24/2005,0.541849274,0.657364302,0.113640174
7/1/2005,-2.160069341,-0.621157834,-0.453100491
7/8/2005,-4.882643426,0.27293654,1.066970509
7/15/2005,1.871055608,1.535984056,1.453512365
7/22/2005,-1.002783668,3.022356565,2.461705861
7/29/2005,4.039534863,1.422143449,-0.245061601
8/5/2005,1.518741371,-0.583619018,0.640155312
8/12/2005,-0.593586351,-1.536844643,-0.677499999
8/19/2005,-0.164369928,-0.733842703,-1.23486198
8/26/2005,2.187895977,0.008309807,-0.776610264
9/2/2005,2.003111375,0.625187325,-1.006815395
9/9/2005,0.395010178,0.016948526,0.956714648
9/16/2005,-0.636155948,0.221370591,0.442413666
9/23/2005,2.378789175,-0.580074766,-0.010846693
9/30/2005,-0.287185915,0.526296401,0.611000965
10/7/2005,-1.989997313,0.004338037,-0.251518146
10/14/2005,-1.271841133,-0.08679652,0.041063325
10/21/2005,-1.992520273,-2.812671655,-1.744841751
10/28/2005,-0.578754374,-2.118871537,-0.417546341
11/4/2005,3.454480389,3.324422015,0.893554917
11/11/2005,-2.259740454,-0.021621383,-1.718329289
11/18/2005,-2.054415786,1.191882035,0.374430321
11/25/2005,-0.968588126,0.110265367,0.283499636
12/2/2005,-1.501005772,1.589835247,-2.139322236
12/9/2005,5.574307845,-0.490801695,1.475826365
12/16/2005,-0.946072676,0.190675881,-0.550325946
12/23/2005,1.119339515,0.118612251,-0.13889669
12/30/2005,2.092553064,0.814867961,0.854954089
1/6/2006,4.601549597,3.079050639,1.311667972
1/13/2006,1.115070167,-0.616585055,0.025225245
1/20/2006,-1.06691092,-0.707023303,-0.714245516
1/27/2006,1.798626325,0.965225084,0.945363253
2/3/2006,-1.880243145,0.810938009,1.502856948
2/10/2006,-1.214698875,-0.334891391,-0.815951198
2/17/2006,0.173275077,0.319263371,0.667109547
2/24/2006,0.330824324,0.914231722,-0.16852298
3/3/2006,1.550335695,1.60744097,-0.866530202
3/10/2006,-3.403475163,0.132260308,0.54707052
3/17/2006,1.80324835,-0.09296474,0.071561009
3/24/2006,-1.437251355,0.116192428,0.375397339
3/31/2006,0.327846752,1.43481215,0.058292674
4/7/2006,4.933228661,0.73346837,1.826456667
4/14/2006,-1.953187092,-0.300995237,-0.572787335
4/21/2006,2.306954169,2.295048313,1.04638619
4/28/2006,-0.61893992,0.278472647,0.109622551
5/5/2006,-0.009111558,0.828136021,1.271862262
5/12/2006,1.841777195,-0.450790788,0.484584046
5/19/2006,-4.732606077,-4.951583934,-2.26657875
5/26/2006,-3.939491401,-1.982652513,-1.455909246
6/2/2006,0.70967099,-1.052546083,-0.003223259
6/9/2006,-7.498019201,-3.447152862,-1.659735194
6/16/2006,-0.751613061,1.548207137,-2.421479362
6/23/2006,-0.886103722,-1.309342123,1.426817698
6/30/2006,2.782671227,3.866194444,0.917069847
7/7/2006,1.169895475,0.399138327,1.181374968
7/14/2006,-3.6391936,-3.393356515,-1.297328424
7/21/2006,3.58087691,0.330312111,1.20653135
7/28/2006,0.830711895,2.419293091,1.075603021
8/4/2006,1.699318877,1.368685978,0.349226877
8/11/2006,0.72820326,-0.500250354,0.455256974
8/18/2006,0.009880656,1.333580086,-0.028658313
8/25/2006,-2.770601224,-1.228356415,0.900392869
9/1/2006,1.055171204,1.548355401,1.064257302
9/8/2006,-0.573116984,0.74576034,-0.41619136
9/15/2006,1.170090948,0.467802246,0.239078462
9/22/2006,-2.734703667,-0.05592564,0.648576761
9/29/2006,0.641904223,1.900492619,0.240068825
10/6/2006,1.231275061,3.083323343,0.35387676
10/13/2006,2.481199336,0.653879884,1.285243732
10/20/2006,1.79959346,0.737892164,-0.443260879
10/27/2006,0.108909196,1.608110852,1.087822864
11/3/2006,0.895710584,-0.281349857,0.816938827
11/10/2006,1.102732669,0.84132166,2.403695357
11/17/2006,-0.881756191,2.442151489,1.79250494
11/24/2006,-1.37882126,0.057924767,1.869444607
12/1/2006,2.390149611,0.751394919,1.838840156
12/8/2006,-0.0593664,1.020850165,1.696465159
12/15/2006,-0.62955875,2.282538458,-0.847389104
12/22/2006,-7.907548622,0.37795771,-0.885190009
12/29/2006,-0.069110027,1.465558887,1.518439439
1/5/2007,-7.901480789,1.436797249,2.179962175
1/12/2007,2.75078181,-0.660803017,-0.095547238
1/19/2007,1.911277004,2.097752513,2.508192479
1/26/2007,-0.07903817,0.482419913,1.909751049
2/2/2007,1.949995912,4.122117125,3.328078788
2/9/2007,3.61274253,0.09971159,2.562223133
2/16/2007,-1.049688662,0.496763087,1.695633044
2/23/2007,0.398906801,2.245576132,1.679827052
3/2/2007,-1.714185851,-7.256068869,-9.712097629
3/9/2007,-1.162812412,2.088320875,2.052325902
3/16/2007,-0.017880824,-2.413331857,-0.559252079
3/23/2007,0.999385561,4.369759532,4.422003801
3/30/2007,-0.603775419,0.789805661,0.903926365
4/6/2007,2.746516456,3.485779619,2.537956071
4/13/2007,-0.001444116,0.825369857,2.263617477
4/20/2007,-0.714500971,-0.383710039,0.546584833
4/27/2007,1.096464147,1.122322326,0.712086459
5/4/2007,3.022439693,2.532251579,2.874272048
5/11/2007,-1.340529018,-1.120501923,-0.880348983
5/18/2007,3.045524652,1.881848583,0.398037663
5/25/2007,-1.328840605,-0.736391084,-1.317565575
6/1/2007,4.724347185,1.753859838,1.555335801
6/8/2007,-0.256320155,-1.611703218,-0.566277145
6/15/2007,-1.035932405,2.532955042,0.608912918
6/22/2007,3.667231487,0.951019738,2.24700794
6/29/2007,0.61207288,-1.875653501,-2.70888211
7/6/2007,6.911902375,0.387052251,1.426595365
7/13/2007,3.164282159,2.56784292,0.788821444
7/20/2007,-1.006044703,-0.088420603,-0.170576967
7/27/2007,1.521509761,-4.443010225,-1.971032564
8/3/2007,-3.039068664,-1.635543058,-1.48360087
8/10/2007,-4.005235296,-2.262274893,-3.638816782
8/17/2007,-5.9406178,-7.043708068,-7.760270071
8/24/2007,4.17066009,7.348971041,6.652973948
8/31/2007,2.804545598,0.693843395,1.183371861
9/7/2007,-1.45543144,2.791860346,1.250797081
9/14/2007,1.300369753,1.350269683,-1.187186315
9/21/2007,2.380456311,0.164438868,1.266854165
9/28/2007,1.668484332,4.526153823,2.298151281
10/5/2007,0.804560744,4.31282023,2.651069047
10/12/2007,3.989375419,-0.318889542,0.22202415
10/19/2007,-1.269552179,-2.873746616,-0.370071304
10/26/2007,2.117114772,0.626902937,2.03581504
11/2/2007,-0.025713982,-1.502124581,-0.062235546
11/9/2007,-2.227364295,-3.162263715,0.340747473
11/16/2007,-2.967074027,-4.509167237,-1.119453476
11/23/2007,-2.96677509,-3.401319476,-2.4152784
11/30/2007,2.656543701,5.708441253,3.158199313
12/7/2007,-0.598403283,1.036281631,2.618287201
12/14/2007,-0.594831858,-2.607371455,-2.159064643
12/21/2007,-2.763812282,-1.989436986,0.010687681
12/28/2007,5.325179808,1.394545037,3.050822449
1/4/2008,-4.333310806,-0.23330792,1.347443431
1/11/2008,-3.11980709,-4.475009595,3.322587044
1/18/2008,-0.857432719,-5.73065868,-5.193151124
1/25/2008,-3.866519233,1.763531678,-2.396692441
2/1/2008,6.514546848,-4.919854258,-1.528630078
2/8/2008,-0.546591357,-2.553436247,2.27579625
2/15/2008,2.475188974,5.206926313,0.79138546
2/22/2008,0.025400512,-1.304822564,-4.127637035
2/29/2008,2.26002373,-0.730527406,-0.886000046
3/7/2008,-2.901848759,-5.437529371,-4.603391014
3/14/2008,-0.430590867,-0.955962192,-8.152490994
3/21/2008,-1.815809499,-0.497889417,-0.48492062
3/28/2008,2.683628554,7.071298002,5.668594032
4/4/2008,-0.044849301,3.997649057,-2.937652533
4/11/2008,0.2784674,-0.913347206,2.009975434
4/18/2008,2.188428143,-0.06398219,1.659254433
4/25/2008,-1.5749108,2.037741932,1.598794488
5/2/2008,1.308409798,1.459879942,-1.297116125
5/9/2008,0.421337302,-2.315467466,1.07872367
5/16/2008,2.751419894,2.481887423,1.191070331
5/23/2008,0.602549477,-3.751123357,-2.010590162
5/30/2008,-4.908429484,2.232002925,0.103493706
6/6/2008,-1.977071993,-1.447807791,-2.180965531
6/13/2008,-4.337010993,-5.45881798,-1.551332203
6/20/2008,-1.771189811,0.743980146,-1.862107482
6/27/2008,0.884359946,-1.5408884,-1.345751389
7/4/2008,-4.306810074,-2.167154722,-4.853233123
7/11/2008,-1.729470522,1.178833388,1.422636084
7/18/2008,-9.437674001,-2.740115705,-4.021948191
7/25/2008,3.103975885,2.605750969,3.268063967
8/1/2008,-0.99844686,-0.577804242,1.508166883
8/8/2008,1.758531032,-3.449299787,-3.403840919
8/15/2008,2.400378447,-0.358249388,-2.28054084
8/22/2008,-3.678234729,-2.688178098,-0.866719479
8/29/2008,0.367397238,0.609529183,1.363179245
9/5/2008,-5.811112734,-6.239698113,-2.760142792
9/12/2008,1.313723572,-0.137612561,-2.507496939
9/19/2008,-4.614748131,-0.452265408,-1.771291835
9/26/2008,-0.942280649,-5.941153804,-0.505320614
10/3/2008,-4.784952717,-4.857620881,-0.376001189
10/10/2008,-26.66135987,-16.4683569,-8.483022247
10/17/2008,4.192237127,-3.649368598,-3.129808975
10/24/2008,-8.507859964,-16.03002955,-5.229208539
10/31/2008,-3.847896415,11.43806262,0.522430834
11/7/2008,10.75164978,3.789183353,3.452856719
11/14/2008,-7.575954679,-5.762602041,-1.385469334
11/21/2008,-7.84953478,-5.674319017,-1.689459296
11/28/2008,1.083390843,4.152399221,-0.085400058
12/5/2008,-2.25752311,-4.328837798,-3.269438476
12/12/2008,7.811616082,4.776301911,1.655120448
12/19/2008,5.098603657,3.118632967,2.791922969
12/26/2008,-0.087284452,-3.968621494,-1.038002151
1/2/2009,0.745056872,5.857687319,3.066579247
1/9/2009,2.002223055,-1.303195522,2.725391052
1/16/2009,-5.337522493,-4.274403884,-2.489746019
1/23/2009,-0.386776428,-2.647943729,-2.68844336
1/30/2009,0.957296598,3.56945549,1.338558748
2/6/2009,1.519165802,-1.797946648,1.368846082
2/13/2009,0.310056867,-0.567673456,1.461431617
2/20/2009,-2.521600144,-6.71042889,-2.237319294
2/27/2009,-0.727326311,-0.004388976,0.107842157
3/6/2009,-2.822649587,-5.261848393,-3.711351162
3/13/2009,1.250756564,4.168024936,-1.735985347
3/20/2009,1.135271957,1.222278041,1.572723813
3/27/2009,2.566629488,8.905593359,3.284554118
4/3/2009,1.179469049,4.218170121,2.40800727
4/10/2009,1.742421183,0.418701871,3.719340837
4/17/2009,0.641281242,3.654029132,2.495736784
4/24/2009,3.710933177,-2.331672466,2.810410469
5/1/2009,3.649344649,3.574601452,-0.195621766
5/8/2009,7.071740341,15.32054305,3.573083216
5/15/2009,1.168017499,-4.497341926,-1.231770752
5/22/2009,3.695477218,4.812276121,3.015567398
5/29/2009,1.146787152,3.66475586,-0.11008104
6/5/2009,7.584880283,2.847340656,2.962082183
6/12/2009,3.889811783,-0.807810955,1.352963173
6/19/2009,-6.502335214,-4.46889046,-2.851820273
6/26/2009,1.151281306,1.950344213,1.523958552
7/3/2009,-2.089486506,-0.788275299,-0.286717194
7/10/2009,-3.036309489,0.357226172,-0.460651612
7/17/2009,5.177813346,5.191355797,4.856893786
7/24/2009,2.996051746,4.128787473,3.073002459
7/31/2009,1.576463712,4.845120989,1.632107896
8/7/2009,3.185886853,-4.218690096,0.845846605
8/14/2009,1.548030451,3.17194012,0.310940022
8/21/2009,-1.481303262,-3.348218725,-2.106898319
8/28/2009,1.897706783,3.776332251,0.896475727
9/4/2009,1.724818109,-0.763845256,0.379939344
9/11/2009,5.727393839,2.200054043,2.475178937
9/18/2009,0.824497453,-1.243039946,1.063612115
9/25/2009,1.100872298,0.561506203,-0.312475906
10/2/2009,0.413518046,-2.213347494,-0.919284915
10/9/2009,3.032656647,1.825412486,2.259867407
10/16/2009,-4.064794992,2.074830569,1.842988978
10/23/2009,-1.172622632,0.266250853,0.818588729
10/30/2009,-3.374782243,-2.393121154,-1.901799321
11/6/2009,1.935213262,0.266699974,1.400188212
11/13/2009,-0.042950407,2.563347813,0.80578067
11/20/2009,-0.442027729,1.250205306,0.267157137
11/27/2009,-2.163472528,0.024620911,-0.294699168
12/4/2009,3.069816654,1.036883325,-0.032273173
12/11/2009,0.293192735,0.348370096,-0.806264742
12/18/2009,1.696627795,0.065675118,0.551650212
12/25/2009,2.037288063,1.244987527,-0.239439684
1/1/2010,0.563843263,2.089584548,0.696965829
1/8/2010,0.599933934,0.863866495,1.574614724
1/15/2010,1.017861603,-0.491839693,0.432172801
1/22/2010,-4.439939976,-3.097593562,0.143899864
1/29/2010,-2.48834304,-2.67254714,-3.226552644
2/5/2010,-0.740658736,-2.276430014,-0.898269344
2/12/2010,0.952909099,2.768777832,0.438974195
2/19/2010,0.344662722,-0.063813898,0.340892224
2/26/2010,2.94434728,-0.228032052,1.037008245
3/5/2010,0.358396044,1.423194302,2.256413421
3/12/2010,1.287329931,3.211687182,0.874772907
3/19/2010,5.472441556,1.184752329,-1.119729469
3/26/2010,0.549745502,-0.323601531,1.419767008
4/2/2010,2.821688332,1.256235213,1.569204009
4/9/2010,-1.444572238,0.978876758,-0.146820905
4/16/2010,-7.015498667,1.178105532,-0.09074717
4/23/2010,2.471381666,-0.623784479,0.300425391
4/30/2010,1.176491908,-0.465530515,0.715577227
5/7/2010,0.657940052,-5.298251344,-1.00699922
5/14/2010,0.031222762,1.201497104,0.479757225
5/21/2010,-0.423638313,-5.544927685,-4.082043898
5/28/2010,-3.761372853,1.415230664,-1.297138611
6/4/2010,4.534300931,2.40932932,1.968427739
6/11/2010,-0.250481952,-0.364817996,0.021629472
6/18/2010,2.856605151,1.318386537,1.762436714
6/25/2010,0.229577779,0.641686341,0.662599715
7/2/2010,1.115132089,-0.261595035,-1.443517391
7/9/2010,2.221670139,2.533565122,1.282054228
7/16/2010,0.842166444,1.380473301,0.927491466
7/23/2010,1.523012086,0.531091974,0.673297776
7/30/2010,1.838419297,0.477423963,1.126148013
8/6/2010,2.223212487,0.246040413,-0.034541426
8/13/2010,-1.486301487,-1.856488754,-0.022053959
8/20/2010,3.617541742,-0.118779209,2.53137643
8/27/2010,0.718950424,0.076933293,1.142535602
9/3/2010,3.227126353,2.148434006,1.72975311
9/10/2010,-0.574828892,0.654625531,0.146861813
9/17/2010,-0.108216921,1.773881707,2.009879172
9/24/2010,3.02133919,0.528769843,-1.081513955
10/1/2010,2.764255403,1.228247423,1.037195118
10/8/2010,-1.585184885,0.71417054,1.023847626
10/15/2010,3.465051756,1.602208676,0.568781887
10/22/2010,-0.493619649,-0.962715813,0.052340213
10/29/2010,-0.787174601,-0.980029028,1.002578234
11/5/2010,5.531532337,3.061215733,0.402996502
11/12/2010,-2.096895667,0.360118745,-0.792287188
11/19/2010,-0.995258828,-1.69415948,0.415189594
11/26/2010,-1.705632007,-1.236434888,-0.933931607
12/3/2010,4.181735463,0.45367599,0.596721483
12/10/2010,0.172954423,0.408314056,0.418847388
12/17/2010,-1.301085734,-1.022659632,-0.492159708
12/24/2010,-0.045978137,-0.292529283,0.777035648
12/31/2010,1.048312314,1.460119659,0.483751096
1/7/2011,0.356658233,2.210776418,3.448930052
1/14/2011,-0.405083915,-0.473007393,-0.147671966
1/21/2011,-2.52020617,-1.908445372,-1.441006291
1/28/2011,-2.488561332,1.405946496,-1.66425068
2/4/2011,0.300008869,-0.576637145,0.650358744
2/11/2011,-3.640901542,-4.257694565,-2.465148589
2/18/2011,4.730618691,0.313098976,1.529869683
2/25/2011,-0.975036491,-2.020984741,-1.881771487
3/4/2011,1.009181951,1.187894628,2.213990057
3/11/2011,1.113358181,-0.583804567,-1.788513099
3/18/2011,-0.375059509,-3.603170719,0.551424796
3/25/2011,3.375103551,4.497796374,0.772332483
4/1/2011,2.53286489,1.603249169,2.594147938
4/8/2011,1.708440093,2.119366936,0.135566235
4/15/2011,0.204834912,-1.072777735,-2.308971426
4/22/2011,1.861070973,1.30530537,0.053207389
4/29/2011,-1.066931466,-0.466540655,0.797989648
5/6/2011,-3.983906882,-2.558990987,-1.27523897
5/13/2011,3.194375946,2.04886462,1.651740298
5/20/2011,-1.114057586,0.153500698,0.018820353
5/27/2011,-0.555157178,-1.047588442,0.495838826
6/3/2011,-0.860297278,0.323187448,0.71802505
6/10/2011,-3.608269292,-2.163316488,-0.234913652
6/17/2011,-0.138280732,-2.402299747,0.46415993
6/24/2011,0.389833492,2.028023453,0.078642243
7/1/2011,1.796194424,2.325648737,1.161532947
7/8/2011,4.412107474,0.390125592,0.742683608
7/15/2011,-0.788614887,-2.150344582,-1.102788928
7/22/2011,3.737912155,3.150316604,-0.775866235
7/29/2011,1.107983143,0.198047524,-1.043726778
8/5/2011,-3.606284157,-6.291814185,-1.586632443
8/12/2011,-2.905398173,-4.934478271,-2.710182165
8/19/2011,0.669087126,-4.18955941,0.020891952
8/26/2011,-3.03666481,0.53084781,-2.674984254
9/2/2011,2.659974178,3.395261447,2.006302522
9/9/2011,-0.264153758,-0.634772667,-0.337726817
9/16/2011,-2.770598697,-1.28463116,-2.633899954
9/23/2011,-7.553677476,-3.289022083,-4.648174622
9/30/2011,-4.47691826,-0.879803813,1.539402809
10/7/2011,-0.771350065,-1.311664458,0.927108586
10/14/2011,5.002705314,3.858611423,2.982124109
10/21/2011,-4.217167369,-1.16411227,-0.249890803
10/28/2011,6.018158509,6.884366954,2.944077868
11/4/2011,-1.644179199,-1.997994847,-0.291282354
11/11/2011,1.416830389,-2.032280301,-0.594653955
11/18/2011,1.349291363,-2.195231309,-0.981825447
11/25/2011,-1.740386462,-3.215969697,-1.58356711
12/2/2011,6.231762276,4.77931349,3.93604121
12/9/2011,0.448781146,-2.880981116,-1.959271259
12/16/2011,0.00580254,-1.321692363,0.416218757
12/23/2011,0.319586259,0.646591541,2.020748149
12/30/2011,-1.168390508,-1.131743004,2.284960389
1/6/2012,1.061331861,2.582790893,-1.090372921
1/13/2012,0.82169731,2.758417387,0.588701819
1/20/2012,1.316890676,2.050801188,-0.026922938
1/27/2012,1.651598469,2.320054665,-0.11565405
2/3/2012,2.083523633,0.057934152,1.16811311
2/10/2012,1.262302801,1.430795341,1.476596207
2/17/2012,1.517747741,1.361966766,-0.289213074
2/24/2012,1.424409098,-0.753013843,0.10398214
3/2/2012,1.645005921,0.516113324,1.591734613
3/9/2012,-0.554251675,-1.018703913,-0.302265958
3/16/2012,2.627617351,1.591307519,-0.482479351
3/23/2012,0.409396545,-0.686582397,0.914098781
3/30/2012,0.194880478,0.679274811,0.6599315
4/6/2012,-1.207153253,-0.809121489,0.158988516
4/13/2012,-1.102117574,0.054234838,0.265460073
4/20/2012,2.12778485,0.22265693,-0.705486859
4/27/2012,1.42789517,-0.431723244,-1.522349911
5/4/2012,1.281590522,0.3017331,1.471452769
5/11/2012,-3.01045716,-3.650053896,-0.423259727
5/18/2012,-3.118630873,-3.684301912,-3.328100585
5/25/2012,-1.889645125,-0.228752678,1.210296329
6/1/2012,-1.569413268,-0.979991389,1.438238258
6/8/2012,1.062316828,-0.285214286,-0.188918735
6/15/2012,3.369953796,2.635274118,0.546694061
6/22/2012,-1.105831922,0.606128021,1.498315432
6/29/2012,1.651636241,1.765038269,-0.244830271
7/6/2012,2.358267783,3.418465009,1.329335972
7/13/2012,0.847177908,0.569458747,0.359108836
7/20/2012,-0.14387064,0.664441007,1.01671529
7/27/2012,-2.559471975,-0.566677384,-1.105294703
8/3/2012,1.643452802,1.746873252,0.619637686
8/10/2012,1.807322974,0.094013139,0.629193638
8/17/2012,0.371632005,0.258652829,0.268880183
8/24/2012,1.079202705,-0.380198737,-0.095208936
8/31/2012,-0.787939175,-0.823908742,-0.128098903
9/7/2012,1.505538669,-0.455844265,-1.318407434
9/14/2012,2.380555042,1.930965668,1.12625521
9/21/2012,0.791455829,0.254039641,-1.178591084
9/28/2012,0.969427913,-0.582873557,0.79500842
10/5/2012,0.962407913,1.541158319,1.429856718
10/12/2012,-1.101865591,-2.15045964,-0.414656602
10/19/2012,0.82390309,0.235442187,0.782602474
10/26/2012,-2.000437433,0.281342967,0.331911731
11/2/2012,1.915520184,-0.54966637,-0.947116773
11/9/2012,-1.21429211,-1.031030684,-0.912899362
11/16/2012,-0.832378705,-2.147117255,-0.721636224
11/23/2012,0.122568648,1.47098396,-0.922438407
11/30/2012,3.250034679,2.662871909,-0.216424127
12/7/2012,0.820616943,1.203175889,0.429908362
12/14/2012,1.748731192,1.954316335,2.092591076
12/21/2012,1.089370481,-0.15382213,0.415002272
12/28/2012,1.341641859,0.888704522,1.346055567
1/4/2013,1.761071508,1.041614399,0.666884516
1/11/2013,-0.325235729,-0.270735311,-0.585434584
1/18/2013,1.572489806,-0.164288463,-0.372714876
1/25/2013,1.862719396,1.792802623,-2.372778864
2/1/2013,2.554324976,0.665505585,-0.58688922
2/8/2013,-0.12814867,-0.63522855,-0.230673515
2/15/2013,1.604634903,0.389723643,0.254018767
2/22/2013,1.215699326,0.154005387,-0.359999281
3/1/2013,-0.034418602,-0.568194611,0.942477033
3/8/2013,1.758926668,0.610762941,1.003836588
3/15/2013,1.972228662,-0.105846186,-1.604129961
3/22/2013,-7.748829618,-0.839778673,-0.046089605
3/29/2013,5.401917815,1.508555761,2.712898145
4/5/2013,-4.690444374,-0.251820687,1.013019484
4/12/2013,2.505393156,-0.169548886,0.583377796
4/19/2013,1.180703515,-0.004249997,0.455239111
4/26/2013,2.395595942,1.650516475,0.293190986
5/3/2013,-0.251749092,0.626009483,-0.970043366
5/10/2013,2.71957737,2.168373119,4.477623774
5/17/2013,0.337185439,0.160451038,-0.181841848
5/24/2013,-1.267240379,-1.640672421,0.22020098
5/31/2013,-2.864342871,-2.440258666,-0.216809597
6/7/2013,-2.977827872,-3.899762797,0.359399057
6/14/2013,-3.419406021,-0.733991619,-0.757540835
6/21/2013,-4.521021011,-1.176618918,-0.360428356
6/28/2013,3.604372779,0.828385792,1.00244791
7/5/2013,-0.730674507,0.610428514,-0.071633847
7/12/2013,0.855261099,2.071012967,0.752128383
7/19/2013,1.916564941,-0.707054232,0.674782587
7/26/2013,-0.34679185,0.708290295,0.547521026
8/2/2013,-3.849801589,0.555605776,-1.398304735
8/9/2013,0.792800987,-0.747068576,-0.179121455
8/16/2013,0.938850055,-1.007563631,0.500062709
8/23/2013,-7.736201793,-3.45797834,-3.82857055
8/30/2013,-3.330310846,-1.958613002,0.377539485
9/6/2013,3.189717489,0.63877373,-0.219042905
9/13/2013,4.737618444,2.332869042,2.690026564
9/20/2013,5.935588787,3.688154235,1.737139324
9/27/2013,-4.771155374,-0.848368306,-1.434908451
10/4/2013,0.719106434,-2.271586241,0.022517958
10/11/2013,2.083596431,1.317884973,0.515958487
10/18/2013,1.831147172,0.413959707,0.772036613
10/25/2013,-2.030277929,0.385737583,0.994158295
11/1/2013,-1.789254241,-0.126123105,-0.394710516
11/8/2013,-1.697222571,-0.750969673,-0.328087733
11/15/2013,1.106289749,0.753156329,-0.812947012
11/22/2013,-4.432091006,-0.891736846,0.259458519
11/29/2013,0.883457508,0.110250121,1.009090298
12/6/2013,-0.699677169,-1.977007474,0.781943006
12/13/2013,-1.512590351,-1.55823605,0.730786117
12/20/2013,0.118486516,0.923957551,-0.126142503
12/27/2013,-3.332594323,1.770638036,1.245187198
1/3/2014,-5.874087232,-0.582371659,-1.424343578
1/10/2014,2.486348226,0.395198225,-0.444099218
1/17/2014,3.133317331,0.109994925,-0.747334244
1/24/2014,1.472800986,-2.292767369,-0.57750231
1/31/2014,-3.1173944,-1.598209404,0.080962684
2/7/2014,1.727929967,-0.466198223,0.252448496
2/14/2014,1.179298735,0.845035887,0.594275115
2/21/2014,-0.585610676,1.994644734,0.622996938
2/28/2014,1.606399155,0.349396801,0.268383316
3/7/2014,2.219900815,0.815750861,-0.179933637
3/14/2014,1.254022285,-2.014245278,-1.497768193
3/21/2014,-0.854843679,-0.010736753,0.847313101
3/28/2014,0.615521838,3.163470938,1.647995327
4/4/2014,1.674124818,1.270203408,0.317208831
4/11/2014,-0.204949787,-0.452352533,-0.212979993
4/18/2014,1.430872701,1.722913905,0.00161928
4/25/2014,-0.072408729,0.42230453,0.446459366
5/2/2014,0.941469472,-0.460728532,0.43431005
5/9/2014,-3.152269864,-0.012913779,-0.12634511
5/16/2014,2.004645532,0.321119219,0.886391621
5/23/2014,-0.600979647,0.471822311,-0.752556476
5/30/2014,1.343275655,0.542451972,0.222305441
6/6/2014,2.943405179,0.108562498,-0.57172379
6/13/2014,-0.137266497,-0.187480715,0.750918104
6/20/2014,0.771047603,-1.051588967,0.477348174
6/27/2014,1.081172221,0.375200483,-0.254337546
7/4/2014,0.845235255,0.06417897,0.211373902
7/11/2014,1.471902984,0.62678372,-0.093416778
7/18/2014,1.009374701,0.508763623,-0.542050037
7/25/2014,0.678528305,1.19027934,0.233047507
8/1/2014,-2.868086407,-0.17178054,-0.748530501
8/8/2014,1.331582888,-1.674316359,-1.267565936
8/15/2014,1.715764327,0.78381178,1.31960945
8/22/2014,0.666972014,0.323179911,0.357669109
8/29/2014,0.298852271,0.047800933,-0.261165223
9/5/2014,1.442514563,0.43905889,0.125851186
9/12/2014,-0.18700569,0.114246761,-0.688491214
9/19/2014,0.224238709,-1.21795028,-0.331972462
9/26/2014,0.957600086,-0.389252999,-0.487265157
10/3/2014,-1.884967684,-1.190764897,0.017385068
10/10/2014,-1.12457157,-0.906892157,-1.75032553
10/17/2014,-1.55839892,-1.75672582,-1.143682942
10/24/2014,0.729973065,1.715772857,1.693889141
10/31/2014,2.833032523,1.591586361,1.975562412
11/7/2014,-0.366162944,0.370086268,-1.682950243
11/14/2014,-0.157882255,0.887001693,-0.571747416
11/21/2014,0.210454329,0.890263935,-0.257251199
11/28/2014,0.927172735,0.154723425,0.647932581
12/5/2014,0.241253129,-0.78233898,-4.006966943
12/12/2014,-5.322021321,-0.00782129,-0.940748274
12/19/2014,-0.039613112,-1.350786629,-0.985806683
12/26/2014,-0.260516684,2.235813094,2.784318604
1/2/2015,-0.847057005,0.502955284,-0.663596591
1/9/2015,2.097801146,-0.958417121,-1.166657423
1/16/2015,-0.766619226,-1.137512416,0.640391601
1/23/2015,5.173694785,3.302356942,3.356157828
1/30/2015,-1.074366067,-0.596823622,-1.217533468
2/6/2015,2.027062596,1.177284299,1.779983621
2/13/2015,0.139958902,-0.149907138,-0.680651181
2/20/2015,-0.77283306,0.275143429,0.383505328
2/27/2015,-1.030581515,-0.959279245,0.735175862
3/6/2015,-1.186588891,0.429596123,-0.785524012
3/13/2015,-1.719745005,-1.614717663,-1.404984783
3/20/2015,-0.754681249,1.466253884,1.221636211
3/27/2015,-2.296823807,1.097563819,0.537460307
4/3/2015,2.694083307,0.105738113,1.159587432
4/10/2015,0.763976374,0.537964056,0.53223569
4/17/2015,1.221328446,1.509409771,0.084006975
4/24/2015,-0.729591266,-0.346396224,0.901732982
5/1/2015,-1.863657858,-0.731676785,-2.407712379
5/8/2015,-1.068740109,-1.019693534,-0.585784042
5/15/2015,0.111158909,0.320747161,0.235939738
5/22/2015,0.768765829,-0.37377381,-1.356906095
5/29/2015,-1.841828807,-1.697425695,-2.26203556
6/5/2015,0.753810896,-1.737834742,-0.125399046
6/12/2015,0.057036744,0.603514046,-0.629941446
6/19/2015,-1.118127188,-1.589560442,-0.72914036
6/26/2015,1.765793565,0.602249527,-0.658464491
7/3/2015,-1.891252732,0.655200787,1.380109053
7/10/2015,-0.315348439,-1.898100204,-1.081806122
7/17/2015,-0.377166707,2.218283029,0.64782306
7/24/2015,-2.826687227,-0.023858875,-0.346339277
7/31/2015,0.141755287,-4.581932311,0.138215417
8/7/2015,-0.789851121,-0.182524007,-2.377827626
8/14/2015,-1.046194345,-2.611816194,-5.235578006
8/21/2015,-3.476477353,-4.708639044,-1.396842503
8/28/2015,0.024162106,-0.508525716,2.388886931
9/4/2015,0.351519898,-3.166379906,-1.472902108
9/11/2015,0.79710646,0.602967219,0.904552704
9/18/2015,0.620483658,-0.730501098,4.024312908
9/25/2015,-0.975018114,-0.966842832,-3.315308226
10/2/2015,-2.23865282,-1.403914779,0.850239877
10/9/2015,4.713529507,7.094217241,4.66243815
10/16/2015,0.498285307,1.065175576,0.600581353
10/23/2015,-0.158051484,1.241188769,-0.343666008
10/30/2015,-1.508345685,-2.311366971,-2.678562336
11/6/2015,1.395298631,0.403407539,1.192944884
11/13/2015,-2.2939869,-2.856928045,-1.602014762
11/20/2015,0.819800723,-0.265932572,0.179474874
11/27/2015,-2.227900212,-2.03537214,1.237876401
12/4/2015,-2.192396931,0.694649344,-0.878690968
12/11/2015,-4.028098695,-1.554896142,-1.67657592
12/18/2015,0.311788985,0.640357214,0.228986349
12/25/2015,-0.154993508,0.864857427,1.185836035
1/1/2016,0.395963099,0.177419821,1.728280633
1/8/2016,-3.462947713,-4.668967742,-2.083582832
1/15/2016,0.13413495,-4.477530658,-1.768675752
1/22/2016,1.764648716,-2.061192244,-0.205301016
1/29/2016,2.565331158,1.998453049,2.586835447
2/5/2016,0.407323165,-0.22466272,-0.320695956
2/12/2016,-2.307693452,-3.225436288,-1.132429983
2/19/2016,3.366154189,4.500434242,1.876738764
2/26/2016,1.718237266,-0.282308786,-0.685377362
3/4/2016,2.678482315,6.842150547,1.731307007
3/11/2016,1.001111883,-0.287335218,0.239006555
3/18/2016,-0.752785065,2.717901612,1.160323372
3/25/2016,0.851056711,-2.065003454,-0.733893526
4/1/2016,0.424969339,-1.020150467,0.395977485
4/8/2016,-2.243845855,-0.361484076,0.457866911
4/15/2016,1.145541118,4.034558206,0.5565258
4/22/2016,1.816066477,0.562380732,-0.582134292
4/29/2016,-0.440432335,-3.527303958,-2.668649642
5/6/2016,-0.995246668,-3.868818302,-1.40637101
5/13/2016,0.286495085,0.150392201,-1.287537389
5/20/2016,-0.635128279,1.051525221,0.032544788
5/27/2016,1.916064521,1.390166343,0.514394976
6/3/2016,1.667933792,0.239498024,-0.044598538
6/10/2016,-0.503902463,0.487909778,0.290449546
6/17/2016,-0.553582678,-2.132047915,-1.043679468
6/24/2016,-0.573645695,-1.019502139,0.605852269
7/1/2016,2.225284079,3.977047656,0.742015495
7/8/2016,0.735013514,0.023535983,-0.102104082
7/15/2016,2.466496552,2.713427357,1.440437349
7/22/2016,1.141582406,0.68135239,-0.660290689
7/29/2016,0.985106213,-2.637217597,-0.251308021
8/5/2016,-0.353626681,-1.422562019,0.649928433
8/12/2016,2.210858674,1.377583645,1.201260492
8/19/2016,-0.897981062,-0.818715156,0.209381926
8/26/2016,0.689731603,0.478106448,-0.272341503
9/2/2016,-1.819066796,-1.898117065,-0.673648103
9/9/2016,-5.138047093,2.445319782,0.872488956
9/16/2016,2.311043747,-1.609639053,-2.003402903
9/23/2016,0.929362836,1.037937683,1.083049594
9/30/2016,-0.649848226,0.437272151,-1.109671568
10/7/2016,1.414560582,0.20088053,0.773377615
10/14/2016,-1.79283462,-2.108863352,-0.385639776
10/21/2016,1.528582675,0.560368432,0.661472245
10/28/2016,-0.396018963,-0.524143625,0.01736397
11/4/2016,-0.586551307,-0.97983678,-1.327723806
11/11/2016,0.592573448,0.92087598,-0.85607832
11/18/2016,-1.392696653,0.850843146,-0.63781873
11/25/2016,1.784692962,0.725874461,0.212853734
12/2/2016,0.083942365,2.078050792,0.104415559
12/9/2016,1.628844657,1.251314089,0.761994648
12/16/2016,-0.249932071,-0.619955532,-0.221394878
12/23/2016,-0.826388302,-2.300360863,-1.268243141
12/30/2016,2.159328163,0.33763317,1.508522322
1/6/2017,1.832816314,2.802323913,2.035509592
1/13/2017,0.238979114,2.085684436,-0.178614679
1/20/2017,-0.780698815,-0.463541332,-0.456045784
1/27/2017,1.763638089,1.769981016,1.281330473
2/3/2017,-0.494683955,-0.750315877,-0.080086141
2/10/2017,0.144562062,1.903244025,0.823302867
2/17/2017,-0.467899231,0.233890352,0.513119701
2/24/2017,-0.843301427,0.301381183,-0.547853268
3/3/2017,0.10284945,0.170209533,0.588836156
3/10/2017,-1.692833018,0.351999903,0.53707703
3/17/2017,1.358985599,1.143326542,1.595283891
3/24/2017,0.799496361,-0.839004459,0.031510048
3/31/2017,0.101631835,16.72623468,-0.324742672
4/7/2017,0.533142108,-15.63859499,0.09362947
4/14/2017,0.376296918,-0.2530526,-0.617963155
4/21/2017,-1.233114324,-0.932315318,1.437346944
4/28/2017,-0.235943917,1.127754709,0.681593168
5/5/2017,0.172230168,1.695233699,-0.301348364
5/12/2017,-1.61136299,0.788282298,0.742102705
5/19/2017,0.368505515,-1.185698534,-0.428312098
5/26/2017,1.258789719,0.077683905,0.227081536
6/2/2017,-0.106475573,0.637519711,0.262027339
6/9/2017,-0.060620565,0.436698055,0.669690431
6/16/2017,0.631836234,-0.701553845,0.135187999
6/23/2017,0.365945947,-0.682204384,-0.664286797
6/30/2017,-0.482722422,0.528594523,-0.890746254
7/7/2017,-0.337131145,0.0783829,-0.212282972
7/14/2017,0.530626589,1.79305158,-0.280517861
7/21/2017,-0.271634096,0.808602387,0.236756547
7/28/2017,0.478671541,0.500537549,0.44920444
8/4/2017,-0.177253379,-0.127079135,0.420713234
8/11/2017,-1.079776191,-1.416865961,-0.427504329
8/18/2017,0.333776974,-0.849093625,0.522695493
8/25/2017,0.593182704,0.232816819,-0.397700072
9/1/2017,2.665555544,0.541242259,0.22527555
9/8/2017,1.056545877,-1.497149004,0.37939174
9/15/2017,1.512100506,-0.59023613,0.360605287
9/22/2017,-0.089167913,0.33251402,-0.859629117
9/29/2017,0.846890462,-0.010558744,-0.8767658
10/6/2017,1.354079452,2.192617634,0.478467093
10/13/2017,0.968776372,0.841708951,-0.493278111
10/20/2017,-1.168862021,0.649267128,-0.839256979
10/27/2017,1.375949139,1.358987613,0.314330386
11/3/2017,-0.852090013,-0.122031409,-0.298245734
11/10/2017,-0.719018065,1.11108824,0.07751471
11/17/2017,1.182832902,-1.10901867,-1.190565862
11/24/2017,-0.795253837,1.751667244,-0.257641416
12/1/2017,0.224415422,0.214461267,0.036680262
12/8/2017,0.403386168,-0.724453212,0.197144092
12/15/2017,0.652415572,-0.225094298,1.831776563
12/22/2017,1.40994367,-0.918178045,0.40816267
12/29/2017,0.665374231,0.507025331,2.056270705
1/5/2018,2.352214299,2.51102441,1.170762353
1/12/2018,0.817612524,0.887593719,0.258196505
1/19/2018,0.614068177,0.842893893,0.337395911
1/26/2018,0.413126372,0.471514748,1.362589814
2/2/2018,-0.08369277,-1.051727613,0.889276615
2/9/2018,-2.263641953,-4.418807027,-2.745748732
2/16/2018,1.082313465,1.943249215,1.009275673
2/23/2018,0.12009022,2.571833644,1.25522625
3/2/2018,0.216572277,-1.540725416,-0.292126516
3/9/2018,-2.041131812,0.182920664,-0.656760892
3/16/2018,2.028989661,0.759394936,0.133864113
3/23/2018,-0.973393488,-2.617863705,1.014662723
3/30/2018,-1.005478339,-1.134904461,-0.476681443
4/6/2018,-2.067089509,1.750009497,-1.04729443
4/13/2018,1.554026181,1.693637648,1.698066428
4/20/2018,1.911812632,2.037759849,1.026572955
4/27/2018,-1.299713767,0.107124038,-1.294530263
5/4/2018,0.103994231,-0.89378195,-1.168069848
5/11/2018,-0.786286413,0.696786624,0.253772836
5/18/2018,-0.668165322,-1.152216301,0.4317747
5/25/2018,-0.741553673,-0.455520844,-3.127394171
6/1/2018,-1.236063966,-2.470179222,-2.308630353
6/8/2018,0.129000035,0.258163165,1.241422569
6/15/2018,-1.005010122,-2.344839587,-0.93444368
6/22/2018,-4.182896146,-2.087030702,-3.914352148
6/29/2018,-2.439326536,-0.570462644,-0.156543089
7/6/2018,1.194903232,-2.380106533,-1.647550499
7/13/2018,1.765394438,2.124326456,3.430555053
7/20/2018,1.661787241,1.143012484,1.883505028
7/27/2018,1.826949089,0.819898264,0.821274775
8/3/2018,0.598719993,-1.798033785,0.617037202
8/10/2018,-0.35868443,0.581635741,1.431209313
8/17/2018,-0.937580484,-2.320321152,-1.241511313
8/24/2018,0.812059173,0.110861304,1.398663135
8/31/2018,1.036968479,0.014938193,0.610213428
9/7/2018,-1.881576557,-2.491988427,-1.1324223
9/14/2018,1.918164155,0.858671595,0.254792765
9/21/2018,1.949848022,1.763930923,0.380699884
9/28/2018,0.016512315,1.216127475,-0.970652414
10/5/2018,-2.064538244,-1.461636329,-0.896289226
10/12/2018,-1.425969817,-4.47983477,-2.646189482
10/19/2018,-1.67955269,-0.217232557,0.080857557
10/26/2018,-2.362957127,-2.999298486,-2.874407309
11/2/2018,3.19466578,4.743342433,1.814040613
11/9/2018,-0.795142622,-1.240499186,-0.337818414
11/16/2018,-2.02942016,0.182745682,-0.100161966
11/23/2018,-0.792119828,-1.014009461,-0.617238738
11/30/2018,1.207159486,2.110903164,-0.949132354
12/7/2018,0.497602636,-0.208389266,0.040471373
12/14/2018,-2.487672156,-1.09984448,-1.111754158
12/21/2018,-0.881189434,-1.014195882,0.499364829
12/28/2018,-1.991069855,0.242316254,1.296135444
1/4/2019,0.716789572,0.189770141,-1.326075026
1/11/2019,1.381410733,4.456559548,0.80167444
1/18/2019,-0.834383505,0.799943235,0.533265075
1/25/2019,2.485014338,-0.687459041,0.519267357
2/1/2019,1.696518879,-0.424664967,-1.034117046
2/8/2019,0.016953873,0.418106863,0.177445485
2/15/2019,-0.896430643,1.170497298,0.136874716
2/22/2019,1.350691319,0.926632373,1.911355013
3/1/2019,-1.076165314,-1.525382796,-1.207432163
3/8/2019,-0.692027362,-0.764622421,-1.234094215
3/15/2019,-0.279510823,0.134770699,0.038090251
3/22/2019,1.266574792,0.371787063,-0.829354658
3/29/2019,-0.465153931,0.024280231,-1.391441328
4/5/2019,0.458472018,3.35919165,-0.110791869
4/12/2019,0.863119768,0.280707422,-0.711498793
4/19/2019,0.818705747,0.467097484,-0.49811925
4/26/2019,-0.416012572,0.279512691,1.00048374
5/3/2019,0.711257556,1.047238592,-0.065940509
5/10/2019,-1.82471241,-3.564546066,-1.664667686
5/17/2019,-2.49214568,-2.100414308,-0.30538363
5/24/2019,0.373034015,-1.115871884,-0.439495289
5/31/2019,0.377202597,-1.658209172,3.228271032
6/7/2019,2.033231095,1.544576024,-0.086664309
6/14/2019,1.132361017,1.763724087,-0.650861797
6/21/2019,2.644225255,3.018858442,2.625976731
6/28/2019,0.765780483,0.006322435,-0.602203134
7/5/2019,0.051421755,1.351610339,0.620035015
7/12/2019,0.020792302,-0.281671476,-0.780438212
7/19/2019,0.202498706,0.612298321,-0.676758482
7/26/2019,-0.992168738,-0.421258106,-0.61884867
8/2/2019,-1.954991908,-3.09917677,-1.294785275
8/9/2019,-2.043035067,-2.867048111,-0.722439065
8/16/2019,-1.172454961,-1.71583641,-0.984990557
8/23/2019,0.932259778,-0.150352296,0.630193294
8/30/2019,0.499152963,-0.123213144,0.174454563
9/6/2019,0.910688463,1.214540606,-0.476900497
9/13/2019,-0.486192517,2.108646923,-0.200890975
9/20/2019,-1.562114866,-1.626424725,-0.240100657
9/27/2019,0.460982048,-1.083489378,-0.834189433
10/4/2019,-2.326459196,-1.523887523,-1.685055832
10/11/2019,1.240130251,1.150145181,-0.053298915
10/18/2019,0.33339197,0.00610135,0.914970945
10/25/2019,-2.366214636,2.265922725,-0.073221594
11/1/2019,-0.047711722,1.368697087,1.475682257
11/8/2019,2.806673889,1.073969357,1.023402114
11/15/2019,-2.198799727,-0.78239286,-0.934947893
11/22/2019,-0.281879591,-0.408693571,0.130969222
11/29/2019,-0.447259638,-0.988547781,-2.222609206
12/6/2019,-2.00668409,0.024731437,0.428091051
12/13/2019,0.952479351,0.603550725,0.173270524
12/20/2019,-0.062920465,-0.051661574,2.453177394
12/27/2019,0.336386514,0.439204796,0.026701524
12/31/2019,0.10259464,-0.11474008,-1.365915147
